<?xml version="1.0" encoding="UTF-8"?>
<!--
  ~ Copyright 2018 Red Hat, Inc.
  ~
  ~ Licensed under the Apache License, Version 2.0 (the "License");
  ~ you may not use this file except in compliance with the License.
  ~ You may obtain a copy of the License at
  ~
  ~   http://www.apache.org/licenses/LICENSE-2.0
  ~
  ~ Unless required by applicable law or agreed to in writing, software
  ~ distributed under the License is distributed on an "AS IS" BASIS,
  ~ WITHOUT WARRANTIES OR CONDITIONS OF ANY KIND, either express or implied.
  ~ See the License for the specific language governing permissions and
  ~ limitations under the License.
  -->
<module name="javax.json.bind.api" xmlns="urn:jboss:module:1.7">

    <properties>
        <property name="jboss.api" value="public"/>
    </properties>
    <resources>
        <resource-root path="javax.json.bind-api-1.0.jar"/>
    </resources>
    <dependencies>
        <module name="javax.json.api"/>
    </dependencies>
</module>
