<?xml version="1.0" encoding="UTF-8"?>
<!--
  ~ JBoss, Home of Professional Open Source.
  ~ Copyright 2010, Red Hat, Inc., and individual contributors
  ~ as indicated by the @author tags. See the copyright.txt file in the
  ~ distribution for a full listing of individual contributors.
  ~
  ~ This is free software; you can redistribute it and/or modify it
  ~ under the terms of the GNU Lesser General Public License as
  ~ published by the Free Software Foundation; either version 2.1 of
  ~ the License, or (at your option) any later version.
  ~
  ~ This software is distributed in the hope that it will be useful,
  ~ but WITHOUT ANY WARRANTY; without even the implied warranty of
  ~ MERCHANTABILITY or FITNESS FOR A PARTICULAR PURPOSE. See the GNU
  ~ Lesser General Public License for more details.
  ~
  ~ You should have received a copy of the GNU Lesser General Public
  ~ License along with this software; if not, write to the Free
  ~ Software Foundation, Inc., 51 Franklin St, Fifth Floor, Boston, MA
  ~ 02110-1301 USA, or see the FSF site: http://www.fsf.org.
  -->
<module name="javax.json.api" xmlns="urn:jboss:module:1.7">

    <properties>
        <property name="jboss.api" value="public"/>
    </properties>
    <resources>
        <resource-root path="javax.json-api-1.1.2.jar"/>
    </resources>
    <dependencies>
        <!--
            This is required as a circular dependency because the RI does not include a META-INF/services provider file.
            It must also be exported so that modules that depend on the API, e.g. deployments, will be able to see the
            implementation.
        -->
        <module name="org.glassfish.javax.json" export="true"/>
    </dependencies>
</module>
