<?xml version="1.0" encoding="UTF-8"?>
<!--
  ~ /*
  ~ * JBoss, Home of Professional Open Source.
  ~ * Copyright 2013, Red Hat, Inc., and individual contributors
  ~ * as indicated by the @author tags. See the copyright.txt file in the
  ~ * distribution for a full listing of individual contributors.
  ~ *
  ~ * This is free software; you can redistribute it and/or modify it
  ~ * under the terms of the GNU Lesser General Public License as
  ~ * published by the Free Software Foundation; either version 2.1 of
  ~ * the License, or (at your option) any later version.
  ~ *
  ~ * This software is distributed in the hope that it will be useful,
  ~ * but WITHOUT ANY WARRANTY; without even the implied warranty of
  ~ * MERCHANTABILITY or FITNESS FOR A PARTICULAR PURPOSE. See the GNU
  ~ * Lesser General Public License for more details.
  ~ *
  ~ * You should have received a copy of the GNU Lesser General Public
  ~ * License along with this software; if not, write to the Free
  ~ * Software Foundation, Inc., 51 Franklin St, Fifth Floor, Boston, MA
  ~ * 02110-1301 USA, or see the FSF site: http://www.fsf.org.
  ~ */
  -->
<module name="org.wildfly.extension.io" xmlns="urn:jboss:module:1.8">
    <properties>
        <property name="jboss.api" value="private"/>
    </properties>

    <exports>
        <exclude path="org/wildfly/extension/io/logging"/>
    </exports>

    <resources>
        <resource-root path="wildfly-io-6.0.2.Final.jar"/>
    </resources>

    <dependencies>
        <!-- This is a workaround for WFLY-10394 -->
        <module name="java.naming"/>
        <module name="java.management"/>
        <module name="jdk.security.auth"/>
        <module name="org.jboss.staxmapper"/>
        <module name="org.jboss.as.controller"/>
        <module name="org.jboss.as.server"/>
        <module name="org.jboss.as.security" optional="true"/>
        <module name="org.jboss.msc"/>
        <module name="org.jboss.logging"/>
        <module name="org.jboss.xnio"/>
        <module name="org.jboss.xnio.nio" services="import"/>
        <module name="org.picketbox" optional="true"/>
        <module name="org.wildfly.common"/>
        <module name="io.undertow.core"/>
    </dependencies>
</module>
