<?xml version="1.0" encoding="UTF-8"?>
<!--
  ~ JBoss, Home of Professional Open Source.
  ~ Copyright 2010, Red Hat, Inc., and individual contributors
  ~ as indicated by the @author tags. See the copyright.txt file in the
  ~ distribution for a full listing of individual contributors.
  ~
  ~ This is free software; you can redistribute it and/or modify it
  ~ under the terms of the GNU Lesser General Public License as
  ~ published by the Free Software Foundation; either version 2.1 of
  ~ the License, or (at your option) any later version.
  ~
  ~ This software is distributed in the hope that it will be useful,
  ~ but WITHOUT ANY WARRANTY; without even the implied warranty of
  ~ MERCHANTABILITY or FITNESS FOR A PARTICULAR PURPOSE. See the GNU
  ~ Lesser General Public License for more details.
  ~
  ~ You should have received a copy of the GNU Lesser General Public
  ~ License along with this software; if not, write to the Free
  ~ Software Foundation, Inc., 51 Franklin St, Fifth Floor, Boston, MA
  ~ 02110-1301 USA, or see the FSF site: http://www.fsf.org.
  -->
<module name="ibm.jdk" xmlns="urn:jboss:module:1.6">
    <properties>
        <property name="jboss.api" value="deprecated"/>
    </properties>

    <resources>

    </resources>
    <dependencies>
        <system export="true">
            <paths>
                <path name="com/ibm"/>
                <path name="com/ibm/crypto"/>
                <path name="com/ibm/crypto/provider"/>
                <path name="com/ibm/jvm"/>
                <path name="com/ibm/jvm/io"/>
                <path name="com/ibm/jvm/util"/>
                <path name="com/ibm/math"/>
                <path name="com/ibm/misc"/>
                <path name="com/ibm/misc/resources"/>
                <path name="com/ibm/net"/>
                <path name="com/ibm/nio"/>
                <path name="com/ibm/nio/ch"/>
                <path name="com/ibm/security/auth"/>
                <path name="com/ibm/security/auth/callback"/>
                <path name="com/ibm/security/auth/login"/>
                <path name="com/ibm/security/auth/module"/>
                <path name="com/ibm/security/bootstrap"/>
                <path name="com/ibm/security/util"/>
            </paths>
        </system>
    </dependencies>
</module>
