<?xml version="1.0" encoding="UTF-8"?>
<!--
  ~ JBoss, Home of Professional Open Source.
  ~ Copyright 2010, Red Hat, Inc., and individual contributors
  ~ as indicated by the @author tags. See the copyright.txt file in the
  ~ distribution for a full listing of individual contributors.
  ~
  ~ This is free software; you can redistribute it and/or modify it
  ~ under the terms of the GNU Lesser General Public License as
  ~ published by the Free Software Foundation; either version 2.1 of
  ~ the License, or (at your option) any later version.
  ~
  ~ This software is distributed in the hope that it will be useful,
  ~ but WITHOUT ANY WARRANTY; without even the implied warranty of
  ~ MERCHANTABILITY or FITNESS FOR A PARTICULAR PURPOSE. See the GNU
  ~ Lesser General Public License for more details.
  ~
  ~ You should have received a copy of the GNU Lesser General Public
  ~ License along with this software; if not, write to the Free
  ~ Software Foundation, Inc., 51 Franklin St, Fifth Floor, Boston, MA
  ~ 02110-1301 USA, or see the FSF site: http://www.fsf.org.
  -->
<module name="org.jboss.as.ee" xmlns="urn:jboss:module:1.5">
    <properties>
        <property name="jboss.api" value="private"/>
    </properties>

    <!-- TODO: used by several other modules, for some reason -->
    <!-- exports -->
        <!-- exclude path="org/jboss/as/ee/logging"/ -->
    <!-- /exports -->

    <resources>
        <resource-root path="wildfly-ee-14.0.1.Final.jar"/>
    </resources>

    <dependencies>
        <module name="javax.annotation.api"/>
        <module name="javax.api"/>
        <module name="javax.enterprise.concurrent.api"/>
        <module name="javax.el.api"/>
        <module name="javax.interceptor.api"/>
        <module name="javax.transaction.api"/>
        <module name="javax.xml.ws.api" optional="true"/>
        <module name="org.glassfish.javax.enterprise.concurrent"/>
        <module name="org.jboss.staxmapper"/>
        <module name="org.jboss.as.controller"/>
        <module name="org.jboss.as.naming" optional="true"/>
        <module name="org.wildfly.security.elytron-private"/>
        <module name="org.wildfly.extension.request-controller"/>
        <module name="org.jboss.as.server"/>
        <module name="org.jboss.invocation"/>
        <module name="org.jboss.jandex"/>
        <module name="org.jboss.modules"/>
        <module name="org.jboss.msc"/>
        <module name="org.jboss.logging"/>
        <module name="org.jboss.metadata.common"/>
        <module name="org.jboss.metadata.ear"/>
        <module name="org.jboss.vfs"/>
        <module name="org.wildfly.common"/>
    </dependencies>
</module>
