<?xml version="1.0" encoding="UTF-8" standalone="no"?>
<licenseSummary>
  <dependencies>
    <dependency>
      <groupId>ch.qos.cal10n</groupId>
      <artifactId>cal10n-api</artifactId>
      <version>0.8.1</version>
      <licenses>
        <license>
          <name>MIT License</name>
          <url>http://www.opensource.org/licenses/MIT</url>
          <distribution>repo</distribution>
        </license>
      </licenses>
    </dependency>
    <dependency>
      <groupId>com.fasterxml.woodstox</groupId>
      <artifactId>woodstox-core</artifactId>
      <version>5.0.3</version>
      <licenses>
        <license>
          <name>Apache License 2.0</name>
          <url>http://www.apache.org/licenses/LICENSE-2.0</url>
          <distribution>repo</distribution>
        </license>
      </licenses>
    </dependency>
    <dependency>
      <groupId>com.googlecode.javaewah</groupId>
      <artifactId>JavaEWAH</artifactId>
      <version>1.1.6</version>
      <licenses>
        <license>
          <name>Apache License 2.0</name>
          <url>http://www.apache.org/licenses/LICENSE-2.0</url>
          <distribution>repo</distribution>
        </license>
      </licenses>
    </dependency>
    <dependency>
      <groupId>com.jcraft</groupId>
      <artifactId>jsch</artifactId>
      <version>0.1.54</version>
      <licenses>
        <license>
          <name>BSD 3-Clause "New" or "Revised" License</name>
          <url>http://www.opensource.org/licenses/BSD-3-Clause</url>
          <distribution>repo</distribution>
        </license>
      </licenses>
    </dependency>
    <dependency>
      <groupId>com.jcraft</groupId>
      <artifactId>jzlib</artifactId>
      <version>1.1.1</version>
      <licenses>
        <license>
          <name>BSD 3-Clause "New" or "Revised" License</name>
          <url>http://www.opensource.org/licenses/BSD-3-Clause</url>
          <distribution>repo</distribution>
        </license>
      </licenses>
    </dependency>
    <dependency>
      <groupId>io.undertow</groupId>
      <artifactId>undertow-core</artifactId>
      <version>2.0.13.Final</version>
      <licenses>
        <license>
          <name>Apache License 2.0</name>
          <url>http://www.apache.org/licenses/LICENSE-2.0</url>
          <distribution>repo</distribution>
        </license>
      </licenses>
    </dependency>
    <dependency>
      <groupId>javax.json</groupId>
      <artifactId>javax.json-api</artifactId>
      <version>1.1.2</version>
      <licenses>
        <license>
          <name>Common Development and Distribution License 1.1</name>
          <url>https://javaee.github.io/glassfish/LICENSE</url>
          <distribution>repo</distribution>
        </license>
        <license>
          <name>GNU General Public License v2.0 only</name>
          <url>http://www.gnu.org/licenses/old-licenses/gpl-2.0-standalone.html</url>
          <distribution>repo</distribution>
        </license>
      </licenses>
    </dependency>
    <dependency>
      <groupId>org.aesh</groupId>
      <artifactId>aesh</artifactId>
      <version>1.7</version>
      <licenses>
        <license>
          <name>Apache License 2.0</name>
          <url>http://www.apache.org/licenses/LICENSE-2.0</url>
          <distribution>repo</distribution>
        </license>
      </licenses>
    </dependency>
    <dependency>
      <groupId>org.aesh</groupId>
      <artifactId>aesh-extensions</artifactId>
      <version>1.6</version>
      <licenses>
        <license>
          <name>Apache License 2.0</name>
          <url>http://www.apache.org/licenses/LICENSE-2.0</url>
          <distribution>repo</distribution>
        </license>
      </licenses>
    </dependency>
    <dependency>
      <groupId>org.aesh</groupId>
      <artifactId>aesh-readline</artifactId>
      <version>1.10</version>
      <licenses>
        <license>
          <name>Apache License 2.0</name>
          <url>http://www.apache.org/licenses/LICENSE-2.0</url>
          <distribution>repo</distribution>
        </license>
      </licenses>
    </dependency>
    <dependency>
      <groupId>org.apache.httpcomponents</groupId>
      <artifactId>httpclient</artifactId>
      <version>4.5.2</version>
      <licenses>
        <license>
          <name>Apache License 2.0</name>
          <url>http://www.apache.org/licenses/LICENSE-2.0</url>
          <distribution>repo</distribution>
        </license>
      </licenses>
    </dependency>
    <dependency>
      <groupId>org.apache.httpcomponents</groupId>
      <artifactId>httpcore</artifactId>
      <version>4.4.4</version>
      <licenses>
        <license>
          <name>Apache License 2.0</name>
          <url>http://www.apache.org/licenses/LICENSE-2.0</url>
          <distribution>repo</distribution>
        </license>
        <license>
          <name>Creative Commons Attribution 2.5</name>
          <url>http://creativecommons.org/licenses/by/2.5/legalcode</url>
          <distribution>repo</distribution>
        </license>
      </licenses>
    </dependency>
    <dependency>
      <groupId>org.codehaus.woodstox</groupId>
      <artifactId>stax2-api</artifactId>
      <version>3.1.4</version>
      <licenses>
        <license>
          <name>The BSD License</name>
          <url>http://repository.jboss.org/licenses/bsd.txt</url>
          <distribution>repo</distribution>
        </license>
      </licenses>
    </dependency>
    <dependency>
      <groupId>org.eclipse.jgit</groupId>
      <artifactId>org.eclipse.jgit</artifactId>
      <version>5.0.2.201807311906-r</version>
      <licenses>
        <license>
          <name>Eclipse Distribution License, Version 1.0</name>
          <url>http://repository.jboss.org/licenses/edl-1.0.txt</url>
          <distribution>repo</distribution>
        </license>
      </licenses>
    </dependency>
    <dependency>
      <groupId>org.fusesource.jansi</groupId>
      <artifactId>jansi</artifactId>
      <version>1.16</version>
      <licenses>
        <license>
          <name>Apache License 2.0</name>
          <url>http://www.apache.org/licenses/LICENSE-2.0</url>
          <distribution>repo</distribution>
        </license>
      </licenses>
    </dependency>
    <dependency>
      <groupId>org.glassfish</groupId>
      <artifactId>javax.json</artifactId>
      <version>1.1.2</version>
      <licenses>
        <license>
          <name>Common Development and Distribution License 1.1</name>
          <url>https://javaee.github.io/glassfish/LICENSE</url>
          <distribution>repo</distribution>
        </license>
        <license>
          <name>GNU General Public License v2.0 only</name>
          <url>http://www.gnu.org/licenses/old-licenses/gpl-2.0-standalone.html</url>
          <distribution>repo</distribution>
        </license>
      </licenses>
    </dependency>
    <dependency>
      <groupId>org.jboss</groupId>
      <artifactId>jandex</artifactId>
      <version>2.0.5.Final</version>
      <licenses>
        <license>
          <name>Apache License 2.0</name>
          <url>http://www.apache.org/licenses/LICENSE-2.0</url>
          <distribution>repo</distribution>
        </license>
      </licenses>
    </dependency>
    <dependency>
      <groupId>org.jboss</groupId>
      <artifactId>jboss-dmr</artifactId>
      <version>1.5.0.Final</version>
      <licenses>
        <license>
          <name>GNU Lesser General Public License v2.1 only</name>
          <url>http://www.gnu.org/licenses/old-licenses/lgpl-2.1-standalone.html</url>
          <distribution>repo</distribution>
        </license>
        <license>
          <name>Apache License 2.0</name>
          <url>http://www.apache.org/licenses/LICENSE-2.0</url>
          <distribution>repo</distribution>
        </license>
      </licenses>
    </dependency>
    <dependency>
      <groupId>org.jboss</groupId>
      <artifactId>jboss-vfs</artifactId>
      <version>3.2.14.Final</version>
      <licenses>
        <license>
          <name>Apache License 2.0</name>
          <url>http://www.apache.org/licenses/LICENSE-2.0</url>
          <distribution>repo</distribution>
        </license>
      </licenses>
    </dependency>
    <dependency>
      <groupId>org.jboss</groupId>
      <artifactId>staxmapper</artifactId>
      <version>1.3.0.Final</version>
      <licenses>
        <license>
          <name>GNU Lesser General Public License v2.1 only</name>
          <url>http://www.gnu.org/licenses/old-licenses/lgpl-2.1-standalone.html</url>
          <distribution>repo</distribution>
        </license>
      </licenses>
    </dependency>
    <dependency>
      <groupId>org.jboss.classfilewriter</groupId>
      <artifactId>jboss-classfilewriter</artifactId>
      <version>1.2.3.Final</version>
      <licenses>
        <license>
          <name>Apache License 2.0</name>
          <url>http://www.apache.org/licenses/LICENSE-2.0</url>
          <distribution>repo</distribution>
        </license>
      </licenses>
    </dependency>
    <dependency>
      <groupId>org.jboss.invocation</groupId>
      <artifactId>jboss-invocation</artifactId>
      <version>1.5.1.Final</version>
      <licenses>
        <license>
          <name>Apache License 2.0</name>
          <url>http://www.apache.org/licenses/LICENSE-2.0</url>
          <distribution>repo</distribution>
        </license>
      </licenses>
    </dependency>
    <dependency>
      <groupId>org.jboss.logging</groupId>
      <artifactId>commons-logging-jboss-logging</artifactId>
      <version>1.0.0.Final</version>
      <licenses>
        <license>
          <name>Apache License 2.0</name>
          <url>http://www.apache.org/licenses/LICENSE-2.0</url>
          <distribution>repo</distribution>
        </license>
      </licenses>
    </dependency>
    <dependency>
      <groupId>org.jboss.logging</groupId>
      <artifactId>jboss-logging</artifactId>
      <version>3.3.2.Final</version>
      <licenses>
        <license>
          <name>Apache License 2.0</name>
          <url>http://www.apache.org/licenses/LICENSE-2.0</url>
          <distribution>repo</distribution>
        </license>
      </licenses>
    </dependency>
    <dependency>
      <groupId>org.jboss.logging</groupId>
      <artifactId>jul-to-slf4j-stub</artifactId>
      <version>1.0.1.Final</version>
      <licenses>
        <license>
          <name>MIT License</name>
          <url>http://www.opensource.org/licenses/MIT</url>
          <distribution>repo</distribution>
        </license>
      </licenses>
    </dependency>
    <dependency>
      <groupId>org.jboss.logmanager</groupId>
      <artifactId>jboss-logmanager</artifactId>
      <version>2.1.4.Final</version>
      <licenses>
        <license>
          <name>Apache License 2.0</name>
          <url>http://www.apache.org/licenses/LICENSE-2.0</url>
          <distribution>repo</distribution>
        </license>
      </licenses>
    </dependency>
    <dependency>
      <groupId>org.jboss.logmanager</groupId>
      <artifactId>log4j-jboss-logmanager</artifactId>
      <version>1.1.6.Final</version>
      <licenses>
        <license>
          <name>Apache License 2.0</name>
          <url>http://www.apache.org/licenses/LICENSE-2.0</url>
          <distribution>repo</distribution>
        </license>
      </licenses>
    </dependency>
    <dependency>
      <groupId>org.jboss.marshalling</groupId>
      <artifactId>jboss-marshalling</artifactId>
      <version>2.0.6.Final</version>
      <licenses>
        <license>
          <name>Apache License 2.0</name>
          <url>http://www.apache.org/licenses/LICENSE-2.0</url>
          <distribution>repo</distribution>
        </license>
      </licenses>
    </dependency>
    <dependency>
      <groupId>org.jboss.marshalling</groupId>
      <artifactId>jboss-marshalling-river</artifactId>
      <version>2.0.6.Final</version>
      <licenses>
        <license>
          <name>Apache License 2.0</name>
          <url>http://www.apache.org/licenses/LICENSE-2.0</url>
          <distribution>repo</distribution>
        </license>
      </licenses>
    </dependency>
    <dependency>
      <groupId>org.jboss.modules</groupId>
      <artifactId>jboss-modules</artifactId>
      <version>1.8.6.Final</version>
      <licenses>
        <license>
          <name>Apache License 2.0</name>
          <url>http://www.apache.org/licenses/LICENSE-2.0</url>
          <distribution>repo</distribution>
        </license>
        <license>
          <name>Indiana University Extreme! Lab Software License 1.1.1</name>
          <url>https://enterprise.dejacode.com/licenses/public/indiana-extreme/?_list_filters=q%3Dindiana%2Bextreme#license-text</url>
          <distribution>repo</distribution>
        </license>
      </licenses>
    </dependency>
    <dependency>
      <groupId>org.jboss.msc</groupId>
      <artifactId>jboss-msc</artifactId>
      <version>1.4.3.Final</version>
      <licenses>
        <license>
          <name>GNU Lesser General Public License v2.1 only</name>
          <url>http://www.gnu.org/licenses/old-licenses/lgpl-2.1-standalone.html</url>
          <distribution>repo</distribution>
        </license>
      </licenses>
    </dependency>
    <dependency>
      <groupId>org.jboss.remoting</groupId>
      <artifactId>jboss-remoting</artifactId>
      <version>5.0.8.Final</version>
      <licenses>
        <license>
          <name>Apache License 2.0</name>
          <url>http://www.apache.org/licenses/LICENSE-2.0</url>
          <distribution>repo</distribution>
        </license>
      </licenses>
    </dependency>
    <dependency>
      <groupId>org.jboss.remotingjmx</groupId>
      <artifactId>remoting-jmx</artifactId>
      <version>3.0.0.Final</version>
      <licenses>
        <license>
          <name>GNU Lesser General Public License v2.1 or later</name>
          <url>http://www.gnu.org/licenses/old-licenses/lgpl-2.1-standalone.html</url>
          <distribution>repo</distribution>
        </license>
      </licenses>
    </dependency>
    <dependency>
      <groupId>org.jboss.slf4j</groupId>
      <artifactId>slf4j-jboss-logmanager</artifactId>
      <version>1.0.3.GA</version>
      <licenses>
        <license>
          <name>GNU Lesser General Public License v2.1 only</name>
          <url>http://www.gnu.org/licenses/old-licenses/lgpl-2.1-standalone.html</url>
          <distribution>repo</distribution>
        </license>
      </licenses>
    </dependency>
    <dependency>
      <groupId>org.jboss.spec.javax.interceptor</groupId>
      <artifactId>jboss-interceptors-api_1.2_spec</artifactId>
      <version>1.0.1.Final</version>
      <licenses>
        <license>
          <name>Common Development and Distribution License 1.1</name>
          <url>https://javaee.github.io/glassfish/LICENSE</url>
          <distribution>repo</distribution>
        </license>
        <license>
          <name>GNU General Public License, Version 2 with the Classpath Exception</name>
          <url>http://repository.jboss.org/licenses/gpl-2.0-ce.txt</url>
          <distribution>repo</distribution>
        </license>
      </licenses>
    </dependency>
    <dependency>
      <groupId>org.jboss.spec.javax.security.auth.message</groupId>
      <artifactId>jboss-jaspi-api_1.1_spec</artifactId>
      <version>1.0.2.Final</version>
      <licenses>
        <license>
          <name>Common Development and Distribution License 1.1</name>
          <url>https://javaee.github.io/glassfish/LICENSE</url>
          <distribution>repo</distribution>
        </license>
        <license>
          <name>GNU General Public License v2.0 only, with Classpath exception</name>
          <url>https://fedoraproject.org/wiki/Licensing/GPL_Classpath_Exception</url>
          <distribution>repo</distribution>
        </license>
      </licenses>
    </dependency>
    <dependency>
      <groupId>org.jboss.spec.javax.security.jacc</groupId>
      <artifactId>jboss-jacc-api_1.5_spec</artifactId>
      <version>1.0.2.Final</version>
      <licenses>
        <license>
          <name>Common Development and Distribution License 1.1</name>
          <url>https://javaee.github.io/glassfish/LICENSE</url>
          <distribution>repo</distribution>
        </license>
        <license>
          <name>GNU General Public License, Version 2 with the Classpath Exception</name>
          <url>http://repository.jboss.org/licenses/gpl-2.0-ce.txt</url>
          <distribution>repo</distribution>
        </license>
      </licenses>
    </dependency>
    <dependency>
      <groupId>org.jboss.stdio</groupId>
      <artifactId>jboss-stdio</artifactId>
      <version>1.0.2.GA</version>
      <licenses>
        <license>
          <name>GNU Lesser General Public License v2.1 only</name>
          <url>http://www.gnu.org/licenses/old-licenses/lgpl-2.1-standalone.html</url>
          <distribution>repo</distribution>
        </license>
      </licenses>
    </dependency>
    <dependency>
      <groupId>org.jboss.threads</groupId>
      <artifactId>jboss-threads</artifactId>
      <version>2.3.2.Final</version>
      <licenses>
        <license>
          <name>GNU Lesser General Public License v2.1 only</name>
          <url>http://www.gnu.org/licenses/old-licenses/lgpl-2.1-standalone.html</url>
          <distribution>repo</distribution>
        </license>
      </licenses>
    </dependency>
    <dependency>
      <groupId>org.jboss.xnio</groupId>
      <artifactId>xnio-api</artifactId>
      <version>3.6.5.Final</version>
      <licenses>
        <license>
          <name>Apache License 2.0</name>
          <url>http://www.apache.org/licenses/LICENSE-2.0</url>
          <distribution>repo</distribution>
        </license>
      </licenses>
    </dependency>
    <dependency>
      <groupId>org.jboss.xnio</groupId>
      <artifactId>xnio-nio</artifactId>
      <version>3.6.5.Final</version>
      <licenses>
        <license>
          <name>Apache License 2.0</name>
          <url>http://www.apache.org/licenses/LICENSE-2.0</url>
          <distribution>repo</distribution>
        </license>
      </licenses>
    </dependency>
    <dependency>
      <groupId>org.projectodd.vdx</groupId>
      <artifactId>vdx-core</artifactId>
      <version>1.1.6</version>
      <licenses>
        <license>
          <name>Apache License 2.0</name>
          <url>http://www.apache.org/licenses/LICENSE-2.0</url>
          <distribution>repo</distribution>
        </license>
      </licenses>
    </dependency>
    <dependency>
      <groupId>org.projectodd.vdx</groupId>
      <artifactId>vdx-wildfly</artifactId>
      <version>1.1.6</version>
      <licenses>
        <license>
          <name>Apache License 2.0</name>
          <url>http://www.apache.org/licenses/LICENSE-2.0</url>
          <distribution>repo</distribution>
        </license>
      </licenses>
    </dependency>
    <dependency>
      <groupId>org.slf4j</groupId>
      <artifactId>slf4j-api</artifactId>
      <version>1.7.22.jbossorg-1</version>
      <licenses>
        <license>
          <name>MIT License</name>
          <url>http://www.opensource.org/licenses/MIT</url>
          <distribution>repo</distribution>
        </license>
      </licenses>
    </dependency>
    <dependency>
      <groupId>org.slf4j</groupId>
      <artifactId>slf4j-ext</artifactId>
      <version>1.7.22.jbossorg-1</version>
      <licenses>
        <license>
          <name>MIT License</name>
          <url>http://www.opensource.org/licenses/MIT</url>
          <distribution>repo</distribution>
        </license>
      </licenses>
    </dependency>
    <dependency>
      <groupId>org.wildfly.client</groupId>
      <artifactId>wildfly-client-config</artifactId>
      <version>1.0.1.Final</version>
      <licenses>
        <license>
          <name>Apache License 2.0</name>
          <url>http://www.apache.org/licenses/LICENSE-2.0</url>
          <distribution>repo</distribution>
        </license>
      </licenses>
    </dependency>
    <dependency>
      <groupId>org.wildfly.common</groupId>
      <artifactId>wildfly-common</artifactId>
      <version>1.4.0.Final</version>
      <licenses>
        <license>
          <name>Apache License 2.0</name>
          <url>http://www.apache.org/licenses/LICENSE-2.0</url>
          <distribution>repo</distribution>
        </license>
      </licenses>
    </dependency>
    <dependency>
      <groupId>org.wildfly.core</groupId>
      <artifactId>wildfly-cli</artifactId>
      <version>6.0.2.Final</version>
      <licenses>
        <license>
          <name>GNU Lesser General Public License v2.1 or later</name>
          <url>http://www.gnu.org/licenses/old-licenses/lgpl-2.1-standalone.html</url>
          <distribution>repo</distribution>
        </license>
        <license>
          <name>Apache License 2.0</name>
          <url>http://www.apache.org/licenses/LICENSE-2.0</url>
          <distribution>repo</distribution>
        </license>
      </licenses>
    </dependency>
    <dependency>
      <groupId>org.wildfly.core</groupId>
      <artifactId>wildfly-controller</artifactId>
      <version>6.0.2.Final</version>
      <licenses>
        <license>
          <name>GNU Lesser General Public License v2.1 or later</name>
          <url>http://www.gnu.org/licenses/old-licenses/lgpl-2.1-standalone.html</url>
          <distribution>repo</distribution>
        </license>
        <license>
          <name>Apache License 2.0</name>
          <url>http://www.apache.org/licenses/LICENSE-2.0</url>
          <distribution>repo</distribution>
        </license>
      </licenses>
    </dependency>
    <dependency>
      <groupId>org.wildfly.core</groupId>
      <artifactId>wildfly-controller-client</artifactId>
      <version>6.0.2.Final</version>
      <licenses>
        <license>
          <name>GNU Lesser General Public License v2.1 or later</name>
          <url>http://www.gnu.org/licenses/old-licenses/lgpl-2.1-standalone.html</url>
          <distribution>repo</distribution>
        </license>
        <license>
          <name>Apache License 2.0</name>
          <url>http://www.apache.org/licenses/LICENSE-2.0</url>
          <distribution>repo</distribution>
        </license>
      </licenses>
    </dependency>
    <dependency>
      <groupId>org.wildfly.core</groupId>
      <artifactId>wildfly-core-management-client</artifactId>
      <version>6.0.2.Final</version>
      <licenses>
        <license>
          <name>GNU Lesser General Public License v2.1 or later</name>
          <url>http://www.gnu.org/licenses/old-licenses/lgpl-2.1-standalone.html</url>
          <distribution>repo</distribution>
        </license>
        <license>
          <name>Apache License 2.0</name>
          <url>http://www.apache.org/licenses/LICENSE-2.0</url>
          <distribution>repo</distribution>
        </license>
      </licenses>
    </dependency>
    <dependency>
      <groupId>org.wildfly.core</groupId>
      <artifactId>wildfly-core-management-subsystem</artifactId>
      <version>6.0.2.Final</version>
      <licenses>
        <license>
          <name>GNU Lesser General Public License v2.1 or later</name>
          <url>http://www.gnu.org/licenses/old-licenses/lgpl-2.1-standalone.html</url>
          <distribution>repo</distribution>
        </license>
        <license>
          <name>Apache License 2.0</name>
          <url>http://www.apache.org/licenses/LICENSE-2.0</url>
          <distribution>repo</distribution>
        </license>
      </licenses>
    </dependency>
    <dependency>
      <groupId>org.wildfly.core</groupId>
      <artifactId>wildfly-core-model-test-framework</artifactId>
      <version>6.0.2.Final</version>
      <licenses>
        <license>
          <name>GNU Lesser General Public License v2.1 or later</name>
          <url>http://www.gnu.org/licenses/old-licenses/lgpl-2.1-standalone.html</url>
          <distribution>repo</distribution>
        </license>
        <license>
          <name>Apache License 2.0</name>
          <url>http://www.apache.org/licenses/LICENSE-2.0</url>
          <distribution>repo</distribution>
        </license>
      </licenses>
    </dependency>
    <dependency>
      <groupId>org.wildfly.core</groupId>
      <artifactId>wildfly-core-security</artifactId>
      <version>6.0.2.Final</version>
      <licenses>
        <license>
          <name>GNU Lesser General Public License v2.1 or later</name>
          <url>http://www.gnu.org/licenses/old-licenses/lgpl-2.1-standalone.html</url>
          <distribution>repo</distribution>
        </license>
        <license>
          <name>Apache License 2.0</name>
          <url>http://www.apache.org/licenses/LICENSE-2.0</url>
          <distribution>repo</distribution>
        </license>
      </licenses>
    </dependency>
    <dependency>
      <groupId>org.wildfly.core</groupId>
      <artifactId>wildfly-core-security-api</artifactId>
      <version>6.0.2.Final</version>
      <licenses>
        <license>
          <name>GNU Lesser General Public License v2.1 or later</name>
          <url>http://www.gnu.org/licenses/old-licenses/lgpl-2.1-standalone.html</url>
          <distribution>repo</distribution>
        </license>
        <license>
          <name>Apache License 2.0</name>
          <url>http://www.apache.org/licenses/LICENSE-2.0</url>
          <distribution>repo</distribution>
        </license>
      </licenses>
    </dependency>
    <dependency>
      <groupId>org.wildfly.core</groupId>
      <artifactId>wildfly-deployment-repository</artifactId>
      <version>6.0.2.Final</version>
      <licenses>
        <license>
          <name>GNU Lesser General Public License v2.1 or later</name>
          <url>http://www.gnu.org/licenses/old-licenses/lgpl-2.1-standalone.html</url>
          <distribution>repo</distribution>
        </license>
        <license>
          <name>Apache License 2.0</name>
          <url>http://www.apache.org/licenses/LICENSE-2.0</url>
          <distribution>repo</distribution>
        </license>
      </licenses>
    </dependency>
    <dependency>
      <groupId>org.wildfly.core</groupId>
      <artifactId>wildfly-deployment-scanner</artifactId>
      <version>6.0.2.Final</version>
      <licenses>
        <license>
          <name>GNU Lesser General Public License v2.1 or later</name>
          <url>http://www.gnu.org/licenses/old-licenses/lgpl-2.1-standalone.html</url>
          <distribution>repo</distribution>
        </license>
        <license>
          <name>Apache License 2.0</name>
          <url>http://www.apache.org/licenses/LICENSE-2.0</url>
          <distribution>repo</distribution>
        </license>
      </licenses>
    </dependency>
    <dependency>
      <groupId>org.wildfly.core</groupId>
      <artifactId>wildfly-discovery</artifactId>
      <version>6.0.2.Final</version>
      <licenses>
        <license>
          <name>GNU Lesser General Public License v2.1 or later</name>
          <url>http://www.gnu.org/licenses/old-licenses/lgpl-2.1-standalone.html</url>
          <distribution>repo</distribution>
        </license>
        <license>
          <name>Apache License 2.0</name>
          <url>http://www.apache.org/licenses/LICENSE-2.0</url>
          <distribution>repo</distribution>
        </license>
      </licenses>
    </dependency>
    <dependency>
      <groupId>org.wildfly.core</groupId>
      <artifactId>wildfly-domain-http-error-context</artifactId>
      <version>6.0.2.Final</version>
      <licenses>
        <license>
          <name>GNU Lesser General Public License v2.1 or later</name>
          <url>http://www.gnu.org/licenses/old-licenses/lgpl-2.1-standalone.html</url>
          <distribution>repo</distribution>
        </license>
        <license>
          <name>Apache License 2.0</name>
          <url>http://www.apache.org/licenses/LICENSE-2.0</url>
          <distribution>repo</distribution>
        </license>
      </licenses>
    </dependency>
    <dependency>
      <groupId>org.wildfly.core</groupId>
      <artifactId>wildfly-domain-http-interface</artifactId>
      <version>6.0.2.Final</version>
      <licenses>
        <license>
          <name>GNU Lesser General Public License v2.1 or later</name>
          <url>http://www.gnu.org/licenses/old-licenses/lgpl-2.1-standalone.html</url>
          <distribution>repo</distribution>
        </license>
        <license>
          <name>Apache License 2.0</name>
          <url>http://www.apache.org/licenses/LICENSE-2.0</url>
          <distribution>repo</distribution>
        </license>
      </licenses>
    </dependency>
    <dependency>
      <groupId>org.wildfly.core</groupId>
      <artifactId>wildfly-domain-management</artifactId>
      <version>6.0.2.Final</version>
      <licenses>
        <license>
          <name>GNU Lesser General Public License v2.1 or later</name>
          <url>http://www.gnu.org/licenses/old-licenses/lgpl-2.1-standalone.html</url>
          <distribution>repo</distribution>
        </license>
        <license>
          <name>Apache License 2.0</name>
          <url>http://www.apache.org/licenses/LICENSE-2.0</url>
          <distribution>repo</distribution>
        </license>
      </licenses>
    </dependency>
    <dependency>
      <groupId>org.wildfly.core</groupId>
      <artifactId>wildfly-elytron-integration</artifactId>
      <version>6.0.2.Final</version>
      <licenses>
        <license>
          <name>GNU Lesser General Public License v2.1 or later</name>
          <url>http://www.gnu.org/licenses/old-licenses/lgpl-2.1-standalone.html</url>
          <distribution>repo</distribution>
        </license>
        <license>
          <name>Apache License 2.0</name>
          <url>http://www.apache.org/licenses/LICENSE-2.0</url>
          <distribution>repo</distribution>
        </license>
      </licenses>
    </dependency>
    <dependency>
      <groupId>org.wildfly.core</groupId>
      <artifactId>wildfly-embedded</artifactId>
      <version>6.0.2.Final</version>
      <licenses>
        <license>
          <name>GNU Lesser General Public License v2.1 or later</name>
          <url>http://www.gnu.org/licenses/old-licenses/lgpl-2.1-standalone.html</url>
          <distribution>repo</distribution>
        </license>
        <license>
          <name>Apache License 2.0</name>
          <url>http://www.apache.org/licenses/LICENSE-2.0</url>
          <distribution>repo</distribution>
        </license>
      </licenses>
    </dependency>
    <dependency>
      <groupId>org.wildfly.core</groupId>
      <artifactId>wildfly-host-controller</artifactId>
      <version>6.0.2.Final</version>
      <licenses>
        <license>
          <name>GNU Lesser General Public License v2.1 or later</name>
          <url>http://www.gnu.org/licenses/old-licenses/lgpl-2.1-standalone.html</url>
          <distribution>repo</distribution>
        </license>
        <license>
          <name>Apache License 2.0</name>
          <url>http://www.apache.org/licenses/LICENSE-2.0</url>
          <distribution>repo</distribution>
        </license>
      </licenses>
    </dependency>
    <dependency>
      <groupId>org.wildfly.core</groupId>
      <artifactId>wildfly-io</artifactId>
      <version>6.0.2.Final</version>
      <licenses>
        <license>
          <name>GNU Lesser General Public License v2.1 or later</name>
          <url>http://www.gnu.org/licenses/old-licenses/lgpl-2.1-standalone.html</url>
          <distribution>repo</distribution>
        </license>
        <license>
          <name>Apache License 2.0</name>
          <url>http://www.apache.org/licenses/LICENSE-2.0</url>
          <distribution>repo</distribution>
        </license>
      </licenses>
    </dependency>
    <dependency>
      <groupId>org.wildfly.core</groupId>
      <artifactId>wildfly-jmx</artifactId>
      <version>6.0.2.Final</version>
      <licenses>
        <license>
          <name>GNU Lesser General Public License v2.1 or later</name>
          <url>http://www.gnu.org/licenses/old-licenses/lgpl-2.1-standalone.html</url>
          <distribution>repo</distribution>
        </license>
        <license>
          <name>Apache License 2.0</name>
          <url>http://www.apache.org/licenses/LICENSE-2.0</url>
          <distribution>repo</distribution>
        </license>
      </licenses>
    </dependency>
    <dependency>
      <groupId>org.wildfly.core</groupId>
      <artifactId>wildfly-launcher</artifactId>
      <version>6.0.2.Final</version>
      <licenses>
        <license>
          <name>GNU Lesser General Public License v2.1 or later</name>
          <url>http://www.gnu.org/licenses/old-licenses/lgpl-2.1-standalone.html</url>
          <distribution>repo</distribution>
        </license>
        <license>
          <name>Apache License 2.0</name>
          <url>http://www.apache.org/licenses/LICENSE-2.0</url>
          <distribution>repo</distribution>
        </license>
      </licenses>
    </dependency>
    <dependency>
      <groupId>org.wildfly.core</groupId>
      <artifactId>wildfly-logging</artifactId>
      <version>6.0.2.Final</version>
      <licenses>
        <license>
          <name>GNU Lesser General Public License v2.1 or later</name>
          <url>http://www.gnu.org/licenses/old-licenses/lgpl-2.1-standalone.html</url>
          <distribution>repo</distribution>
        </license>
        <license>
          <name>Apache License 2.0</name>
          <url>http://www.apache.org/licenses/LICENSE-2.0</url>
          <distribution>repo</distribution>
        </license>
      </licenses>
    </dependency>
    <dependency>
      <groupId>org.wildfly.core</groupId>
      <artifactId>wildfly-management-client-content</artifactId>
      <version>6.0.2.Final</version>
      <licenses>
        <license>
          <name>GNU Lesser General Public License v2.1 or later</name>
          <url>http://www.gnu.org/licenses/old-licenses/lgpl-2.1-standalone.html</url>
          <distribution>repo</distribution>
        </license>
        <license>
          <name>Apache License 2.0</name>
          <url>http://www.apache.org/licenses/LICENSE-2.0</url>
          <distribution>repo</distribution>
        </license>
      </licenses>
    </dependency>
    <dependency>
      <groupId>org.wildfly.core</groupId>
      <artifactId>wildfly-network</artifactId>
      <version>6.0.2.Final</version>
      <licenses>
        <license>
          <name>GNU Lesser General Public License v2.1 or later</name>
          <url>http://www.gnu.org/licenses/old-licenses/lgpl-2.1-standalone.html</url>
          <distribution>repo</distribution>
        </license>
        <license>
          <name>Apache License 2.0</name>
          <url>http://www.apache.org/licenses/LICENSE-2.0</url>
          <distribution>repo</distribution>
        </license>
      </licenses>
    </dependency>
    <dependency>
      <groupId>org.wildfly.core</groupId>
      <artifactId>wildfly-patching</artifactId>
      <version>6.0.2.Final</version>
      <licenses>
        <license>
          <name>GNU Lesser General Public License v2.1 or later</name>
          <url>http://www.gnu.org/licenses/old-licenses/lgpl-2.1-standalone.html</url>
          <distribution>repo</distribution>
        </license>
        <license>
          <name>Apache License 2.0</name>
          <url>http://www.apache.org/licenses/LICENSE-2.0</url>
          <distribution>repo</distribution>
        </license>
      </licenses>
    </dependency>
    <dependency>
      <groupId>org.wildfly.core</groupId>
      <artifactId>wildfly-platform-mbean</artifactId>
      <version>6.0.2.Final</version>
      <licenses>
        <license>
          <name>GNU Lesser General Public License v2.1 or later</name>
          <url>http://www.gnu.org/licenses/old-licenses/lgpl-2.1-standalone.html</url>
          <distribution>repo</distribution>
        </license>
        <license>
          <name>Apache License 2.0</name>
          <url>http://www.apache.org/licenses/LICENSE-2.0</url>
          <distribution>repo</distribution>
        </license>
      </licenses>
    </dependency>
    <dependency>
      <groupId>org.wildfly.core</groupId>
      <artifactId>wildfly-process-controller</artifactId>
      <version>6.0.2.Final</version>
      <licenses>
        <license>
          <name>GNU Lesser General Public License v2.1 or later</name>
          <url>http://www.gnu.org/licenses/old-licenses/lgpl-2.1-standalone.html</url>
          <distribution>repo</distribution>
        </license>
        <license>
          <name>Apache License 2.0</name>
          <url>http://www.apache.org/licenses/LICENSE-2.0</url>
          <distribution>repo</distribution>
        </license>
      </licenses>
    </dependency>
    <dependency>
      <groupId>org.wildfly.core</groupId>
      <artifactId>wildfly-protocol</artifactId>
      <version>6.0.2.Final</version>
      <licenses>
        <license>
          <name>GNU Lesser General Public License v2.1 or later</name>
          <url>http://www.gnu.org/licenses/old-licenses/lgpl-2.1-standalone.html</url>
          <distribution>repo</distribution>
        </license>
        <license>
          <name>Apache License 2.0</name>
          <url>http://www.apache.org/licenses/LICENSE-2.0</url>
          <distribution>repo</distribution>
        </license>
      </licenses>
    </dependency>
    <dependency>
      <groupId>org.wildfly.core</groupId>
      <artifactId>wildfly-remoting</artifactId>
      <version>6.0.2.Final</version>
      <licenses>
        <license>
          <name>GNU Lesser General Public License v2.1 or later</name>
          <url>http://www.gnu.org/licenses/old-licenses/lgpl-2.1-standalone.html</url>
          <distribution>repo</distribution>
        </license>
        <license>
          <name>Apache License 2.0</name>
          <url>http://www.apache.org/licenses/LICENSE-2.0</url>
          <distribution>repo</distribution>
        </license>
      </licenses>
    </dependency>
    <dependency>
      <groupId>org.wildfly.core</groupId>
      <artifactId>wildfly-request-controller</artifactId>
      <version>6.0.2.Final</version>
      <licenses>
        <license>
          <name>GNU Lesser General Public License v2.1 or later</name>
          <url>http://www.gnu.org/licenses/old-licenses/lgpl-2.1-standalone.html</url>
          <distribution>repo</distribution>
        </license>
        <license>
          <name>Apache License 2.0</name>
          <url>http://www.apache.org/licenses/LICENSE-2.0</url>
          <distribution>repo</distribution>
        </license>
      </licenses>
    </dependency>
    <dependency>
      <groupId>org.wildfly.core</groupId>
      <artifactId>wildfly-security-manager</artifactId>
      <version>6.0.2.Final</version>
      <licenses>
        <license>
          <name>GNU Lesser General Public License v2.1 or later</name>
          <url>http://www.gnu.org/licenses/old-licenses/lgpl-2.1-standalone.html</url>
          <distribution>repo</distribution>
        </license>
        <license>
          <name>Apache License 2.0</name>
          <url>http://www.apache.org/licenses/LICENSE-2.0</url>
          <distribution>repo</distribution>
        </license>
      </licenses>
    </dependency>
    <dependency>
      <groupId>org.wildfly.core</groupId>
      <artifactId>wildfly-server</artifactId>
      <version>6.0.2.Final</version>
      <licenses>
        <license>
          <name>GNU Lesser General Public License v2.1 or later</name>
          <url>http://www.gnu.org/licenses/old-licenses/lgpl-2.1-standalone.html</url>
          <distribution>repo</distribution>
        </license>
        <license>
          <name>Apache License 2.0</name>
          <url>http://www.apache.org/licenses/LICENSE-2.0</url>
          <distribution>repo</distribution>
        </license>
      </licenses>
    </dependency>
    <dependency>
      <groupId>org.wildfly.core</groupId>
      <artifactId>wildfly-threads</artifactId>
      <version>6.0.2.Final</version>
      <licenses>
        <license>
          <name>GNU Lesser General Public License v2.1 or later</name>
          <url>http://www.gnu.org/licenses/old-licenses/lgpl-2.1-standalone.html</url>
          <distribution>repo</distribution>
        </license>
        <license>
          <name>Apache License 2.0</name>
          <url>http://www.apache.org/licenses/LICENSE-2.0</url>
          <distribution>repo</distribution>
        </license>
      </licenses>
    </dependency>
    <dependency>
      <groupId>org.wildfly.core</groupId>
      <artifactId>wildfly-version</artifactId>
      <version>6.0.2.Final</version>
      <licenses>
        <license>
          <name>GNU Lesser General Public License v2.1 or later</name>
          <url>http://www.gnu.org/licenses/old-licenses/lgpl-2.1-standalone.html</url>
          <distribution>repo</distribution>
        </license>
        <license>
          <name>Apache License 2.0</name>
          <url>http://www.apache.org/licenses/LICENSE-2.0</url>
          <distribution>repo</distribution>
        </license>
      </licenses>
    </dependency>
    <dependency>
      <groupId>org.wildfly.discovery</groupId>
      <artifactId>wildfly-discovery-client</artifactId>
      <version>1.1.1.Final</version>
      <licenses>
        <license>
          <name>Apache License 2.0</name>
          <url>http://www.apache.org/licenses/LICENSE-2.0</url>
          <distribution>repo</distribution>
        </license>
      </licenses>
    </dependency>
    <dependency>
      <groupId>org.wildfly.galleon-plugins</groupId>
      <artifactId>wildfly-config-gen</artifactId>
      <version>2.0.0.Final</version>
      <licenses>
        <license>
          <name>Apache License 2.0</name>
          <url>http://www.apache.org/licenses/LICENSE-2.0</url>
          <distribution>repo</distribution>
        </license>
      </licenses>
    </dependency>
    <dependency>
      <groupId>org.wildfly.galleon-plugins</groupId>
      <artifactId>wildfly-feature-spec-gen</artifactId>
      <version>2.0.0.Final</version>
      <licenses>
        <license>
          <name>Apache License 2.0</name>
          <url>http://www.apache.org/licenses/LICENSE-2.0</url>
          <distribution>repo</distribution>
        </license>
      </licenses>
    </dependency>
    <dependency>
      <groupId>org.wildfly.galleon-plugins</groupId>
      <artifactId>wildfly-galleon-plugins</artifactId>
      <version>2.0.0.Final</version>
      <licenses>
        <license>
          <name>Apache License 2.0</name>
          <url>http://www.apache.org/licenses/LICENSE-2.0</url>
          <distribution>repo</distribution>
        </license>
      </licenses>
    </dependency>
    <dependency>
      <groupId>org.wildfly.openssl</groupId>
      <artifactId>wildfly-openssl-java</artifactId>
      <version>1.0.6.Final</version>
      <licenses>
        <license>
          <name>Apache License 2.0</name>
          <url>http://www.apache.org/licenses/LICENSE-2.0</url>
          <distribution>repo</distribution>
        </license>
      </licenses>
    </dependency>
    <dependency>
      <groupId>org.wildfly.openssl</groupId>
      <artifactId>wildfly-openssl-linux-i386</artifactId>
      <version>1.0.6.Final</version>
      <licenses>
        <license>
          <name>Apache License 2.0</name>
          <url>http://www.apache.org/licenses/LICENSE-2.0</url>
          <distribution>repo</distribution>
        </license>
      </licenses>
    </dependency>
    <dependency>
      <groupId>org.wildfly.openssl</groupId>
      <artifactId>wildfly-openssl-linux-x86_64</artifactId>
      <version>1.0.6.Final</version>
      <licenses>
        <license>
          <name>Apache License 2.0</name>
          <url>http://www.apache.org/licenses/LICENSE-2.0</url>
          <distribution>repo</distribution>
        </license>
      </licenses>
    </dependency>
    <dependency>
      <groupId>org.wildfly.openssl</groupId>
      <artifactId>wildfly-openssl-macosx-x86_64</artifactId>
      <version>1.0.6.Final</version>
      <licenses>
        <license>
          <name>Apache License Version 2.0</name>
          <url>http://repository.jboss.org/licenses/apache-2.0.txt</url>
          <distribution>repo</distribution>
        </license>
      </licenses>
    </dependency>
    <dependency>
      <groupId>org.wildfly.openssl</groupId>
      <artifactId>wildfly-openssl-solaris-x86_64</artifactId>
      <version>1.0.6.Final</version>
      <licenses>
        <license>
          <name>Apache License 2.0</name>
          <url>http://www.apache.org/licenses/LICENSE-2.0</url>
          <distribution>repo</distribution>
        </license>
      </licenses>
    </dependency>
    <dependency>
      <groupId>org.wildfly.openssl</groupId>
      <artifactId>wildfly-openssl-windows-i386</artifactId>
      <version>1.0.6.Final</version>
      <licenses>
        <license>
          <name>Apache License 2.0</name>
          <url>http://www.apache.org/licenses/LICENSE-2.0</url>
          <distribution>repo</distribution>
        </license>
      </licenses>
    </dependency>
    <dependency>
      <groupId>org.wildfly.openssl</groupId>
      <artifactId>wildfly-openssl-windows-x86_64</artifactId>
      <version>1.0.6.Final</version>
      <licenses>
        <license>
          <name>Apache License 2.0</name>
          <url>http://www.apache.org/licenses/LICENSE-2.0</url>
          <distribution>repo</distribution>
        </license>
      </licenses>
    </dependency>
    <dependency>
      <groupId>org.wildfly.security</groupId>
      <artifactId>wildfly-elytron</artifactId>
      <version>1.6.0.Final</version>
      <licenses>
        <license>
          <name>Apache License 2.0</name>
          <url>http://www.apache.org/licenses/LICENSE-2.0</url>
          <distribution>repo</distribution>
        </license>
      </licenses>
    </dependency>
    <dependency>
      <groupId>org.wildfly.security</groupId>
      <artifactId>wildfly-elytron-tool</artifactId>
      <version>1.4.0.Final</version>
      <licenses>
        <license>
          <name>Apache License 2.0</name>
          <url>http://www.apache.org/licenses/LICENSE-2.0</url>
          <distribution>repo</distribution>
        </license>
      </licenses>
    </dependency>
    <dependency>
      <groupId>org.wildfly.security.elytron-web</groupId>
      <artifactId>undertow-server</artifactId>
      <version>1.2.3.Final</version>
      <licenses>
        <license>
          <name>Apache License 2.0</name>
          <url>http://www.apache.org/licenses/LICENSE-2.0</url>
          <distribution>repo</distribution>
        </license>
      </licenses>
    </dependency>
    <dependency>
      <groupId>xerces</groupId>
      <artifactId>xercesImpl</artifactId>
      <version>2.12.0.SP02</version>
      <licenses>
        <license>
          <name>Apache License 2.0</name>
          <url>http://www.apache.org/licenses/LICENSE-2.0</url>
          <distribution>repo</distribution>
        </license>
      </licenses>
    </dependency>
    <dependency>
      <groupId>xml-resolver</groupId>
      <artifactId>xml-resolver</artifactId>
      <version>1.2</version>
      <licenses>
        <license>
          <name>Apache License 2.0</name>
          <url>http://www.apache.org/licenses/LICENSE-2.0</url>
          <distribution>repo</distribution>
        </license>
      </licenses>
    </dependency>
  </dependencies>
</licenseSummary>
