<?xml version="1.0" encoding="UTF-8" standalone="no"?>
<licenseSummary>
  <dependencies>
    <dependency>
      <groupId>io.undertow</groupId>
      <artifactId>undertow-servlet</artifactId>
      <version>2.0.13.Final</version>
      <licenses>
        <license>
          <name>Apache License 2.0</name>
          <url>http://www.apache.org/licenses/LICENSE-2.0</url>
          <distribution>repo</distribution>
        </license>
      </licenses>
    </dependency>
    <dependency>
      <groupId>io.undertow</groupId>
      <artifactId>undertow-websockets-jsr</artifactId>
      <version>2.0.13.Final</version>
      <licenses>
        <license>
          <name>Apache License 2.0</name>
          <url>http://www.apache.org/licenses/LICENSE-2.0</url>
          <distribution>repo</distribution>
        </license>
      </licenses>
    </dependency>
    <dependency>
      <groupId>io.undertow.jastow</groupId>
      <artifactId>jastow</artifactId>
      <version>2.0.5.Final</version>
      <licenses>
        <license>
          <name>Apache License 2.0</name>
          <url>http://www.apache.org/licenses/LICENSE-2.0</url>
          <distribution>repo</distribution>
        </license>
      </licenses>
    </dependency>
    <dependency>
      <groupId>javax.activation</groupId>
      <artifactId>activation</artifactId>
      <version>1.1.1</version>
      <licenses>
        <license>
          <name>Common Development and Distribution License 1.1</name>
          <url>https://javaee.github.io/glassfish/LICENSE</url>
          <distribution>repo</distribution>
        </license>
        <license>
          <name>GNU General Public License v2.0 only, with Classpath exception</name>
          <url>http://openjdk.java.net/legal/gplv2+ce.html</url>
          <distribution>repo</distribution>
        </license>
      </licenses>
    </dependency>
    <dependency>
      <groupId>javax.enterprise</groupId>
      <artifactId>cdi-api</artifactId>
      <version>2.0.SP1</version>
      <licenses>
        <license>
          <name>Apache License 2.0</name>
          <url>http://www.apache.org/licenses/LICENSE-2.0</url>
          <distribution>repo</distribution>
        </license>
      </licenses>
    </dependency>
    <dependency>
      <groupId>javax.inject</groupId>
      <artifactId>javax.inject</artifactId>
      <version>1</version>
      <licenses>
        <license>
          <name>Apache License 2.0</name>
          <url>http://www.apache.org/licenses/LICENSE-2.0</url>
          <distribution>repo</distribution>
        </license>
      </licenses>
    </dependency>
    <dependency>
      <groupId>javax.json</groupId>
      <artifactId>javax.json-api</artifactId>
      <version>1.1.2</version>
      <licenses>
        <license>
          <name>Common Development and Distribution License 1.1</name>
          <url>https://javaee.github.io/glassfish/LICENSE</url>
          <distribution>repo</distribution>
        </license>
        <license>
          <name>GNU General Public License v2.0 only</name>
          <url>http://www.gnu.org/licenses/old-licenses/gpl-2.0-standalone.html</url>
          <distribution>repo</distribution>
        </license>
      </licenses>
    </dependency>
    <dependency>
      <groupId>javax.json.bind</groupId>
      <artifactId>javax.json.bind-api</artifactId>
      <version>1.0</version>
      <licenses>
        <license>
          <name>Common Development and Distribution License 1.1</name>
          <url>https://javaee.github.io/glassfish/LICENSE</url>
          <distribution>repo</distribution>
        </license>
        <license>
          <name>GNU General Public License v2.0 only, with Classpath exception</name>
          <url>http://openjdk.java.net/legal/gplv2+ce.html</url>
          <distribution>repo</distribution>
        </license>
      </licenses>
    </dependency>
    <dependency>
      <groupId>javax.validation</groupId>
      <artifactId>validation-api</artifactId>
      <version>2.0.1.Final</version>
      <licenses>
        <license>
          <name>Apache License 2.0</name>
          <url>http://www.apache.org/licenses/LICENSE-2.0</url>
          <distribution>repo</distribution>
        </license>
      </licenses>
    </dependency>
    <dependency>
      <groupId>org.apache.taglibs</groupId>
      <artifactId>taglibs-standard-compat</artifactId>
      <version>1.2.6-RC1</version>
      <licenses>
        <license>
          <name>Apache License 2.0</name>
          <url>http://www.apache.org/licenses/LICENSE-2.0</url>
          <distribution>repo</distribution>
        </license>
      </licenses>
    </dependency>
    <dependency>
      <groupId>org.apache.taglibs</groupId>
      <artifactId>taglibs-standard-impl</artifactId>
      <version>1.2.6-RC1</version>
      <licenses>
        <license>
          <name>Apache License 2.0</name>
          <url>http://www.apache.org/licenses/LICENSE-2.0</url>
          <distribution>repo</distribution>
        </license>
      </licenses>
    </dependency>
    <dependency>
      <groupId>org.apache.taglibs</groupId>
      <artifactId>taglibs-standard-spec</artifactId>
      <version>1.2.6-RC1</version>
      <licenses>
        <license>
          <name>Apache License 2.0</name>
          <url>http://www.apache.org/licenses/LICENSE-2.0</url>
          <distribution>repo</distribution>
        </license>
      </licenses>
    </dependency>
    <dependency>
      <groupId>org.eclipse</groupId>
      <artifactId>yasson</artifactId>
      <version>1.0.1</version>
      <licenses>
        <license>
          <name>Eclipse Distribution License, Version 1.0</name>
          <url>http://repository.jboss.org/licenses/edl-1.0.txt</url>
          <distribution>repo</distribution>
        </license>
        <license>
          <name>Eclipse Public License 1.0</name>
          <url>http://repository.jboss.org/licenses/epl-1.0.txt</url>
          <distribution>repo</distribution>
        </license>
      </licenses>
    </dependency>
    <dependency>
      <groupId>org.eclipse.jdt.core.compiler</groupId>
      <artifactId>ecj</artifactId>
      <version>4.6.1</version>
      <licenses>
        <license>
          <name>Eclipse Public License 1.0</name>
          <url>http://repository.jboss.org/licenses/epl-1.0.txt</url>
          <distribution>repo</distribution>
        </license>
      </licenses>
    </dependency>
    <dependency>
      <groupId>org.glassfish</groupId>
      <artifactId>javax.el-impl</artifactId>
      <version>3.0.1-b08-jbossorg-1</version>
      <licenses>
        <license>
          <name>Common Development and Distribution License 1.1</name>
          <url>https://javaee.github.io/glassfish/LICENSE</url>
          <distribution>repo</distribution>
        </license>
        <license>
          <name>GNU General Public License v2.0 only, with Classpath exception</name>
          <url>http://openjdk.java.net/legal/gplv2+ce.html</url>
          <distribution>repo</distribution>
        </license>
      </licenses>
    </dependency>
    <dependency>
      <groupId>org.glassfish</groupId>
      <artifactId>javax.enterprise.concurrent</artifactId>
      <version>1.0</version>
      <licenses>
        <license>
          <name>Common Development and Distribution License 1.1</name>
          <url>https://javaee.github.io/glassfish/LICENSE</url>
          <distribution>repo</distribution>
        </license>
        <license>
          <name>GNU General Public License v2.0 only, with Classpath exception</name>
          <url>http://openjdk.java.net/legal/gplv2+ce.html</url>
          <distribution>repo</distribution>
        </license>
      </licenses>
    </dependency>
    <dependency>
      <groupId>org.glassfish</groupId>
      <artifactId>javax.json</artifactId>
      <version>1.1.2</version>
      <licenses>
        <license>
          <name>Common Development and Distribution License 1.1</name>
          <url>https://javaee.github.io/glassfish/LICENSE</url>
          <distribution>repo</distribution>
        </license>
        <license>
          <name>GNU General Public License v2.0 only</name>
          <url>http://www.gnu.org/licenses/old-licenses/gpl-2.0-standalone.html</url>
          <distribution>repo</distribution>
        </license>
      </licenses>
    </dependency>
    <dependency>
      <groupId>org.jboss.common</groupId>
      <artifactId>jboss-common-beans</artifactId>
      <version>2.0.0.Final</version>
      <licenses>
        <license>
          <name>GNU Lesser General Public License v2.1 only</name>
          <url>http://www.gnu.org/licenses/old-licenses/lgpl-2.1-standalone.html</url>
          <distribution>repo</distribution>
        </license>
      </licenses>
    </dependency>
    <dependency>
      <groupId>org.jboss.metadata</groupId>
      <artifactId>jboss-metadata-common</artifactId>
      <version>11.0.0.Final</version>
      <licenses>
        <license>
          <name>GNU Lesser General Public License v2.1 only</name>
          <url>http://www.gnu.org/licenses/old-licenses/lgpl-2.1-standalone.html</url>
          <distribution>repo</distribution>
        </license>
      </licenses>
    </dependency>
    <dependency>
      <groupId>org.jboss.metadata</groupId>
      <artifactId>jboss-metadata-ear</artifactId>
      <version>11.0.0.Final</version>
      <licenses>
        <license>
          <name>GNU Lesser General Public License v2.1 only</name>
          <url>http://www.gnu.org/licenses/old-licenses/lgpl-2.1-standalone.html</url>
          <distribution>repo</distribution>
        </license>
      </licenses>
    </dependency>
    <dependency>
      <groupId>org.jboss.metadata</groupId>
      <artifactId>jboss-metadata-web</artifactId>
      <version>11.0.0.Final</version>
      <licenses>
        <license>
          <name>GNU Lesser General Public License v2.1 only</name>
          <url>http://www.gnu.org/licenses/old-licenses/lgpl-2.1-standalone.html</url>
          <distribution>repo</distribution>
        </license>
      </licenses>
    </dependency>
    <dependency>
      <groupId>org.jboss.security</groupId>
      <artifactId>jboss-negotiation-common</artifactId>
      <version>3.0.4.Final</version>
      <licenses>
        <license>
          <name>GNU Lesser General Public License v2.1 only</name>
          <url>http://www.gnu.org/licenses/old-licenses/lgpl-2.1-standalone.html</url>
          <distribution>repo</distribution>
        </license>
      </licenses>
    </dependency>
    <dependency>
      <groupId>org.jboss.security</groupId>
      <artifactId>jboss-negotiation-extras</artifactId>
      <version>3.0.4.Final</version>
      <licenses>
        <license>
          <name>GNU Lesser General Public License v2.1 only</name>
          <url>http://www.gnu.org/licenses/old-licenses/lgpl-2.1-standalone.html</url>
          <distribution>repo</distribution>
        </license>
      </licenses>
    </dependency>
    <dependency>
      <groupId>org.jboss.security</groupId>
      <artifactId>jboss-negotiation-ntlm</artifactId>
      <version>3.0.4.Final</version>
      <licenses>
        <license>
          <name>GNU Lesser General Public License v2.1 only</name>
          <url>http://www.gnu.org/licenses/old-licenses/lgpl-2.1-standalone.html</url>
          <distribution>repo</distribution>
        </license>
      </licenses>
    </dependency>
    <dependency>
      <groupId>org.jboss.security</groupId>
      <artifactId>jboss-negotiation-spnego</artifactId>
      <version>3.0.4.Final</version>
      <licenses>
        <license>
          <name>GNU Lesser General Public License v2.1 only</name>
          <url>http://www.gnu.org/licenses/old-licenses/lgpl-2.1-standalone.html</url>
          <distribution>repo</distribution>
        </license>
      </licenses>
    </dependency>
    <dependency>
      <groupId>org.jboss.spec.javax.annotation</groupId>
      <artifactId>jboss-annotations-api_1.3_spec</artifactId>
      <version>1.0.1.Final</version>
      <licenses>
        <license>
          <name>Common Development and Distribution License 1.1</name>
          <url>https://javaee.github.io/glassfish/LICENSE</url>
          <distribution>repo</distribution>
        </license>
        <license>
          <name>GNU General Public License v2.0 only, with Classpath exception</name>
          <url>http://openjdk.java.net/legal/gplv2+ce.html</url>
          <distribution>repo</distribution>
        </license>
      </licenses>
    </dependency>
    <dependency>
      <groupId>org.jboss.spec.javax.el</groupId>
      <artifactId>jboss-el-api_3.0_spec</artifactId>
      <version>1.0.12.Final</version>
      <licenses>
        <license>
          <name>Common Development and Distribution License 1.1</name>
          <url>https://javaee.github.io/glassfish/LICENSE</url>
          <distribution>repo</distribution>
        </license>
        <license>
          <name>GNU General Public License v2.0 only, with Classpath exception</name>
          <url>http://openjdk.java.net/legal/gplv2+ce.html</url>
          <distribution>repo</distribution>
        </license>
      </licenses>
    </dependency>
    <dependency>
      <groupId>org.jboss.spec.javax.enterprise.concurrent</groupId>
      <artifactId>jboss-concurrency-api_1.0_spec</artifactId>
      <version>1.0.2.Final</version>
      <licenses>
        <license>
          <name>Common Development and Distribution License 1.0</name>
          <url>http://repository.jboss.org/licenses/cddl.txt</url>
          <distribution>repo</distribution>
        </license>
        <license>
          <name>GNU General Public License v2.0 only, with Classpath exception</name>
          <url>http://openjdk.java.net/legal/gplv2+ce.html</url>
          <distribution>repo</distribution>
        </license>
      </licenses>
    </dependency>
    <dependency>
      <groupId>org.jboss.spec.javax.servlet</groupId>
      <artifactId>jboss-servlet-api_3.1_spec</artifactId>
      <version>1.0.2.Final</version>
      <licenses>
        <license>
          <name>Common Development and Distribution License 1.1</name>
          <url>https://javaee.github.io/glassfish/LICENSE</url>
          <distribution>repo</distribution>
        </license>
        <license>
          <name>GNU General Public License v2.0 only, with Classpath exception</name>
          <url>http://openjdk.java.net/legal/gplv2+ce.html</url>
          <distribution>repo</distribution>
        </license>
      </licenses>
    </dependency>
    <dependency>
      <groupId>org.jboss.spec.javax.servlet</groupId>
      <artifactId>jboss-servlet-api_4.0_spec</artifactId>
      <version>1.0.0.Final</version>
      <licenses>
        <license>
          <name>Common Development and Distribution License 1.1</name>
          <url>https://javaee.github.io/glassfish/LICENSE</url>
          <distribution>repo</distribution>
        </license>
        <license>
          <name>GNU General Public License v2.0 only, with Classpath exception</name>
          <url>http://openjdk.java.net/legal/gplv2+ce.html</url>
          <distribution>repo</distribution>
        </license>
      </licenses>
    </dependency>
    <dependency>
      <groupId>org.jboss.spec.javax.servlet.jsp</groupId>
      <artifactId>jboss-jsp-api_2.3_spec</artifactId>
      <version>1.0.3.Final</version>
      <licenses>
        <license>
          <name>Common Development and Distribution License 1.1</name>
          <url>https://javaee.github.io/glassfish/LICENSE</url>
          <distribution>repo</distribution>
        </license>
        <license>
          <name>GNU General Public License v2.0 only, with Classpath exception</name>
          <url>http://openjdk.java.net/legal/gplv2+ce.html</url>
          <distribution>repo</distribution>
        </license>
      </licenses>
    </dependency>
    <dependency>
      <groupId>org.jboss.spec.javax.transaction</groupId>
      <artifactId>jboss-transaction-api_1.2_spec</artifactId>
      <version>1.1.1.Final</version>
      <licenses>
        <license>
          <name>Common Development and Distribution License 1.1</name>
          <url>https://javaee.github.io/glassfish/LICENSE</url>
          <distribution>repo</distribution>
        </license>
        <license>
          <name>GNU General Public License, Version 2 with the Classpath Exception</name>
          <url>http://repository.jboss.org/licenses/gpl-2.0-ce.txt</url>
          <distribution>repo</distribution>
        </license>
      </licenses>
    </dependency>
    <dependency>
      <groupId>org.jboss.spec.javax.websocket</groupId>
      <artifactId>jboss-websocket-api_1.1_spec</artifactId>
      <version>1.1.3.Final</version>
      <licenses>
        <license>
          <name>Common Development and Distribution License 1.1</name>
          <url>https://javaee.github.io/glassfish/LICENSE</url>
          <distribution>repo</distribution>
        </license>
        <license>
          <name>GNU General Public License v2.0 only, with Classpath exception</name>
          <url>http://openjdk.java.net/legal/gplv2+ce.html</url>
          <distribution>repo</distribution>
        </license>
      </licenses>
    </dependency>
    <dependency>
      <groupId>org.picketbox</groupId>
      <artifactId>picketbox</artifactId>
      <version>5.0.3.Final</version>
      <licenses>
        <license>
          <name>GNU Lesser General Public License v2.1 only</name>
          <url>http://www.gnu.org/licenses/old-licenses/lgpl-2.1-standalone.html</url>
          <distribution>repo</distribution>
        </license>
      </licenses>
    </dependency>
    <dependency>
      <groupId>org.picketbox</groupId>
      <artifactId>picketbox-commons</artifactId>
      <version>1.0.0.final</version>
      <licenses>
        <license>
          <name>GNU Lesser General Public License v2.1 only</name>
          <url>http://www.gnu.org/licenses/old-licenses/lgpl-2.1-standalone.html</url>
          <distribution>repo</distribution>
        </license>
      </licenses>
    </dependency>
    <dependency>
      <groupId>org.picketbox</groupId>
      <artifactId>picketbox-infinispan</artifactId>
      <version>5.0.3.Final</version>
      <licenses>
        <license>
          <name>GNU Lesser General Public License v2.1 only</name>
          <url>http://www.gnu.org/licenses/old-licenses/lgpl-2.1-standalone.html</url>
          <distribution>repo</distribution>
        </license>
      </licenses>
    </dependency>
    <dependency>
      <groupId>org.wildfly</groupId>
      <artifactId>wildfly-clustering-common</artifactId>
      <version>14.0.1.Final</version>
      <licenses>
        <license>
          <name>GNU Lesser General Public License v2.1 or later</name>
          <url>http://repository.jboss.org/licenses/lgpl-2.1.txt</url>
          <distribution>repo</distribution>
        </license>
      </licenses>
    </dependency>
    <dependency>
      <groupId>org.wildfly</groupId>
      <artifactId>wildfly-clustering-service</artifactId>
      <version>14.0.1.Final</version>
      <licenses>
        <license>
          <name>GNU Lesser General Public License v2.1 or later</name>
          <url>http://repository.jboss.org/licenses/lgpl-2.1.txt</url>
          <distribution>repo</distribution>
        </license>
      </licenses>
    </dependency>
    <dependency>
      <groupId>org.wildfly</groupId>
      <artifactId>wildfly-ee</artifactId>
      <version>14.0.1.Final</version>
      <licenses>
        <license>
          <name>GNU Lesser General Public License v2.1 or later</name>
          <url>http://repository.jboss.org/licenses/lgpl-2.1.txt</url>
          <distribution>repo</distribution>
        </license>
      </licenses>
    </dependency>
    <dependency>
      <groupId>org.wildfly</groupId>
      <artifactId>wildfly-naming</artifactId>
      <version>14.0.1.Final</version>
      <licenses>
        <license>
          <name>GNU Lesser General Public License v2.1 or later</name>
          <url>http://repository.jboss.org/licenses/lgpl-2.1.txt</url>
          <distribution>repo</distribution>
        </license>
      </licenses>
    </dependency>
    <dependency>
      <groupId>org.wildfly</groupId>
      <artifactId>wildfly-naming-client</artifactId>
      <version>1.0.9.Final</version>
      <licenses>
        <license>
          <name>Apache License 2.0</name>
          <url>http://www.apache.org/licenses/LICENSE-2.0</url>
          <distribution>repo</distribution>
        </license>
      </licenses>
    </dependency>
    <dependency>
      <groupId>org.wildfly</groupId>
      <artifactId>wildfly-security</artifactId>
      <version>14.0.1.Final</version>
      <licenses>
        <license>
          <name>GNU Lesser General Public License v2.1 or later</name>
          <url>http://repository.jboss.org/licenses/lgpl-2.1.txt</url>
          <distribution>repo</distribution>
        </license>
      </licenses>
    </dependency>
    <dependency>
      <groupId>org.wildfly</groupId>
      <artifactId>wildfly-undertow</artifactId>
      <version>14.0.1.Final</version>
      <licenses>
        <license>
          <name>GNU Lesser General Public License v2.1 or later</name>
          <url>http://repository.jboss.org/licenses/lgpl-2.1.txt</url>
          <distribution>repo</distribution>
        </license>
      </licenses>
    </dependency>
    <dependency>
      <groupId>org.wildfly</groupId>
      <artifactId>wildfly-web-common</artifactId>
      <version>14.0.1.Final</version>
      <licenses>
        <license>
          <name>GNU Lesser General Public License v2.1 or later</name>
          <url>http://repository.jboss.org/licenses/lgpl-2.1.txt</url>
          <distribution>repo</distribution>
        </license>
      </licenses>
    </dependency>
    <dependency>
      <groupId>org.wildfly.core</groupId>
      <artifactId>wildfly-core-galleon-pack</artifactId>
      <version>6.0.2.Final</version>
      <licenses>
        <license>
          <name>GNU Lesser General Public License v2.1 or later</name>
          <url>http://www.gnu.org/licenses/old-licenses/lgpl-2.1-standalone.html</url>
          <distribution>repo</distribution>
        </license>
        <license>
          <name>Apache License 2.0</name>
          <url>http://www.apache.org/licenses/LICENSE-2.0</url>
          <distribution>repo</distribution>
        </license>
      </licenses>
    </dependency>
    <dependency>
      <groupId>org.wildfly.core</groupId>
      <artifactId>wildfly-elytron-integration</artifactId>
      <version>6.0.2.Final</version>
      <licenses>
        <license>
          <name>GNU Lesser General Public License v2.1 or later</name>
          <url>http://www.gnu.org/licenses/old-licenses/lgpl-2.1-standalone.html</url>
          <distribution>repo</distribution>
        </license>
        <license>
          <name>Apache License 2.0</name>
          <url>http://www.apache.org/licenses/LICENSE-2.0</url>
          <distribution>repo</distribution>
        </license>
      </licenses>
    </dependency>
    <dependency>
      <groupId>org.wildfly.security.elytron-web</groupId>
      <artifactId>undertow-server-servlet</artifactId>
      <version>1.2.3.Final</version>
      <licenses>
        <license>
          <name>Apache License 2.0</name>
          <url>http://www.apache.org/licenses/LICENSE-2.0.txt</url>
        </license>
      </licenses>
    </dependency>
    <dependency>
      <groupId>org.wildfly.wildfly-http-client</groupId>
      <artifactId>wildfly-http-client-common</artifactId>
      <version>1.0.12.Final</version>
      <licenses>
        <license>
          <name>Apache License 2.0</name>
          <url>http://www.apache.org/licenses/LICENSE-2.0</url>
          <distribution>repo</distribution>
        </license>
      </licenses>
    </dependency>
    <dependency>
      <groupId>org.wildfly.wildfly-http-client</groupId>
      <artifactId>wildfly-http-naming-client</artifactId>
      <version>1.0.12.Final</version>
      <licenses>
        <license>
          <name>Apache License 2.0</name>
          <url>http://www.apache.org/licenses/LICENSE-2.0</url>
          <distribution>repo</distribution>
        </license>
      </licenses>
    </dependency>
    <dependency>
      <groupId>xalan</groupId>
      <artifactId>serializer</artifactId>
      <version>2.7.1.jbossorg-4</version>
      <licenses>
        <license>
          <name>Apache License 2.0</name>
          <url>http://www.apache.org/licenses/LICENSE-2.0</url>
          <distribution>repo</distribution>
        </license>
      </licenses>
    </dependency>
    <dependency>
      <groupId>xalan</groupId>
      <artifactId>xalan</artifactId>
      <version>2.7.1.jbossorg-4</version>
      <licenses>
        <license>
          <name>Apache License 2.0</name>
          <url>http://www.apache.org/licenses/LICENSE-2.0</url>
          <distribution>repo</distribution>
        </license>
      </licenses>
    </dependency>
  </dependencies>
</licenseSummary>
